CIK,MANAGER_NAME,NOTES
0002100119,VANGUARD CAPITAL MANAGEMENT LLC,"Verified against real FILINGMANAGER_NAME in data/processed/13f_panel_sample.parquet (2026 Q1-Q2 filings): largest single filer by aggregate reported VALUE (~$8.0T). Vanguard's 13F filer CIK changed at some point -- CIK 0000102909 ""VANGUARD GROUP INC"" (an older, commonly-cited CIK) does not appear at all in recent filings; excluding only the old CIK would silently leak all current-era Vanguard holdings through the exclusion list."
0002100121,VANGUARD PORTFOLIO MANAGEMENT LLC,"Verified same as above; second Vanguard filer entity, ~$1.9T aggregate VALUE in 2026 Q1-Q2."
0000933478,VANGUARD FIDUCIARY TRUST CO,"Verified same as above; ~$396B aggregate VALUE in 2026 Q1-Q2 (Vanguard's retirement-plan trustee arm)."
0001811242,Vanguard Global Advisers LLC,"Verified same as above; ~$187B aggregate VALUE in 2026 Q1-Q2."
0002012383,"BlackRock, Inc.","Verified against real FILINGMANAGER_NAME: single dominant BlackRock filer, ~$5.7T aggregate VALUE in 2026 Q1-Q2 (includes iShares -- no separate iShares-named filer found in real data). The commonly-cited older CIK 0001364742 ""BlackRock Finance, Inc."" does not appear in recent filings -- same stale-CIK risk as Vanguard above."
0000093751,STATE STREET CORP,"Verified against real FILINGMANAGER_NAME: ~$2.9T aggregate VALUE in 2026 Q1-Q2 (SPDR ETF family rolls up under this single filer; no separate SSGA/SPDR-named filer found in real data)."
0001214717,"GEODE CAPITAL MANAGEMENT, LLC","Verified against real FILINGMANAGER_NAME: ~$1.6T aggregate VALUE in 2026 Q1-Q2. Geode is Fidelity's dedicated index-fund sub-adviser -- deliberately excluding Geode but NOT FMR LLC (CIK 0000315066), since FMR is Fidelity's broader active+passive complex and excluding it would remove genuine active-manager signal, not just mechanical index flows."
0000073124,NORTHERN TRUST CORP,"Verified against real FILINGMANAGER_NAME: ~$757B aggregate VALUE in 2026 Q1-Q2. A different, smaller CIK (0001065441, ""NORTHERN TRUST CO OF CONNECTICUT"") was an initial external guess and does not appear in real data with meaningful AUM -- discarded in favor of the verified entity."
0000884546,CHARLES SCHWAB INVESTMENT MANAGEMENT INC,"Verified against real FILINGMANAGER_NAME: ~$654B aggregate VALUE in 2026 Q1-Q2 (Schwab's dedicated index-fund/ETF manager)."
